compressor_name,abs,Compressor_field__params, absolute_error, relative_error, Max Compression Throughput(MB/s), Max DeCompression Throughput(MB/s), Max Compress Time(s), Min Compression Throughput(MB/s), Min DeCompression Throughput(MB/s), Compression Ratio,FILE_0,FILE_1,FILE_2,FILE_3,FILE_4,FILE_5
SZ,0.001,SZ_x__abs0.001,0.000999998,0.000999998,62.8266,40.3537,1.6022399999999999,48.4236,37.7491,3.97563,spectrum_1.png,halo_1.png,halo_ratio_1.png,halo_ratio_zoom_1.png,halo_abs_1.png,halo_diff_1.png
SZ,0.0010256410256410256,SZ_x__abs0.0010256410256410256,0.00102564,0.00102564,63.0849,40.6554,1.45961,47.7764,37.9251,3.9971,spectrum_2.png,halo_2.png,halo_ratio_2.png,halo_ratio_zoom_2.png,halo_abs_2.png,halo_diff_2.png
SZ,0.0010512820512820513,SZ_x__abs0.0010512820512820513,0.00105128,0.00105128,62.9581,40.4915,1.60802,47.9006,38.1671,3.9894199999999995,spectrum_3.png,halo_3.png,halo_ratio_3.png,halo_ratio_zoom_3.png,halo_abs_3.png,halo_diff_3.png
SZ,0.0010769230769230767,SZ_x__abs0.0010769230769230769,0.00107692,0.00107692,63.1845,40.738,1.55784,48.1961,38.333,4.02787,spectrum_4.png,halo_4.png,halo_ratio_4.png,halo_ratio_zoom_4.png,halo_abs_4.png,halo_diff_4.png
SZ,0.0011025641025641023,SZ_x__abs0.0011025641025641025,0.00110256,0.00110256,63.1079,40.8566,1.60106,47.674,38.5236,4.04882,spectrum_5.png,halo_5.png,halo_ratio_5.png,halo_ratio_zoom_5.png,halo_abs_5.png,halo_diff_5.png
SZ,0.001128205128205128,SZ_x__abs0.0011282051282051281,0.0011282,0.0011282,60.9322,40.8503,1.63155,46.2205,38.2976,4.03894,spectrum_6.png,halo_6.png,halo_ratio_6.png,halo_ratio_zoom_6.png,halo_abs_6.png,halo_diff_6.png
SZ,0.001153846153846154,SZ_x__abs0.001153846153846154,0.00115384,0.00115384,63.0544,41.1637,1.6587900000000002,47.2304,38.7279,4.07839,spectrum_7.png,halo_7.png,halo_ratio_7.png,halo_ratio_zoom_7.png,halo_abs_7.png,halo_diff_7.png
SZ,0.0011794871794871796,SZ_x__abs0.0011794871794871796,0.00117949,0.00117949,63.0085,41.4766,1.57875,48.3083,39.028,4.1006,spectrum_8.png,halo_8.png,halo_ratio_8.png,halo_ratio_zoom_8.png,halo_abs_8.png,halo_diff_8.png
SZ,0.0012051282051282052,SZ_x__abs0.0012051282051282052,0.00120512,0.00120512,62.7535,41.4951,1.63469,46.8708,38.8893,4.08593,spectrum_9.png,halo_9.png,halo_ratio_9.png,halo_ratio_zoom_9.png,halo_abs_9.png,halo_diff_9.png
SZ,0.0012307692307692306,SZ_x__abs0.0012307692307692308,0.00123077,0.00123077,61.1333,41.4893,1.6427900000000002,47.8939,39.5367,4.12587,spectrum_10.png,halo_10.png,halo_ratio_10.png,halo_ratio_zoom_10.png,halo_abs_10.png,halo_diff_10.png
SZ,0.0012564102564102564,SZ_x__abs0.0012564102564102564,0.00125641,0.00125641,63.068000000000005,42.3117,1.61235,48.9478,39.6241,4.14325,spectrum_11.png,halo_11.png,halo_ratio_11.png,halo_ratio_zoom_11.png,halo_abs_11.png,halo_diff_11.png
SZ,0.001282051282051282,SZ_x__abs0.001282051282051282,0.00128205,0.00128205,63.0901,41.6457,1.58556,47.6328,39.4821,4.16455,spectrum_12.png,halo_12.png,halo_ratio_12.png,halo_ratio_zoom_12.png,halo_abs_12.png,halo_diff_12.png
SZ,0.0013076923076923075,SZ_x__abs0.0013076923076923077,0.00130769,0.00130769,62.8627,42.0417,1.57175,48.0605,39.4639,4.17055,spectrum_13.png,halo_13.png,halo_ratio_13.png,halo_ratio_zoom_13.png,halo_abs_13.png,halo_diff_13.png
SZ,0.0013333333333333335,SZ_x__abs0.0013333333333333335,0.00133333,0.00133333,61.9473,42.1295,1.58552,48.2465,39.9388,4.19229,spectrum_14.png,halo_14.png,halo_ratio_14.png,halo_ratio_zoom_14.png,halo_abs_14.png,halo_diff_14.png
SZ,0.0013589743589743591,SZ_x__abs0.0013589743589743591,0.00135897,0.00135897,63.3182,42.2451,1.60209,47.5557,40.2174,4.21331,spectrum_15.png,halo_15.png,halo_ratio_15.png,halo_ratio_zoom_15.png,halo_abs_15.png,halo_diff_15.png
SZ,0.0013846153846153847,SZ_x__abs0.0013846153846153847,0.00138461,0.00138461,62.7157,42.7562,1.61176,45.8859,39.8565,4.21295,spectrum_16.png,halo_16.png,halo_ratio_16.png,halo_ratio_zoom_16.png,halo_abs_16.png,halo_diff_16.png
SZ,0.0014102564102564106,SZ_x__abs0.0014102564102564104,0.00141026,0.00141026,63.0572,42.4006,1.6674099999999998,47.6204,38.5867,4.23644,spectrum_17.png,halo_17.png,halo_ratio_17.png,halo_ratio_zoom_17.png,halo_abs_17.png,halo_diff_17.png
SZ,0.001435897435897436,SZ_x__abs0.001435897435897436,0.0014359000000000002,0.0014359000000000002,62.8934,43.2894,1.7828099999999998,44.856,40.1781,4.25672,spectrum_18.png,halo_18.png,halo_ratio_18.png,halo_ratio_zoom_18.png,halo_abs_18.png,halo_diff_18.png
SZ,0.0014615384615384616,SZ_x__abs0.0014615384615384616,0.00146154,0.00146154,60.538000000000004,42.5621,1.73416,46.1934,39.1636,4.25589,spectrum_19.png,halo_19.png,halo_ratio_19.png,halo_ratio_zoom_19.png,halo_abs_19.png,halo_diff_19.png
SZ,0.0014871794871794872,SZ_x__abs0.0014871794871794872,0.00148717,0.00148717,63.0192,43.0873,1.6681,44.4387,40.0504,4.27093,spectrum_20.png,halo_20.png,halo_ratio_20.png,halo_ratio_zoom_20.png,halo_abs_20.png,halo_diff_20.png
SZ,0.0015128205128205126,SZ_x__abs0.0015128205128205128,0.00151282,0.00151282,62.2891,43.5624,1.73081,44.0354,40.0444,4.28137,spectrum_21.png,halo_21.png,halo_ratio_21.png,halo_ratio_zoom_21.png,halo_abs_21.png,halo_diff_21.png
SZ,0.0015384615384615385,SZ_x__abs0.0015384615384615385,0.00153846,0.00153846,61.2941,43.5688,1.7205599999999999,42.603,40.5132,4.26966,spectrum_22.png,halo_22.png,halo_ratio_22.png,halo_ratio_zoom_22.png,halo_abs_22.png,halo_diff_22.png
SZ,0.001564102564102564,SZ_x__abs0.001564102564102564,0.0015641,0.0015641,61.8226,43.3775,1.76335,42.8919,40.4329,4.30054,spectrum_23.png,halo_23.png,halo_ratio_23.png,halo_ratio_zoom_23.png,halo_abs_23.png,halo_diff_23.png
SZ,0.0015897435897435895,SZ_x__abs0.0015897435897435897,0.00158974,0.00158974,61.4574,43.6149,1.70112,45.5408,40.9854,4.31421,spectrum_24.png,halo_24.png,halo_ratio_24.png,halo_ratio_zoom_24.png,halo_abs_24.png,halo_diff_24.png
SZ,0.0016153846153846153,SZ_x__abs0.0016153846153846153,0.00161538,0.00161538,53.6462,43.5972,1.68603,43.5905,40.8502,4.31375,spectrum_25.png,halo_25.png,halo_ratio_25.png,halo_ratio_zoom_25.png,halo_abs_25.png,halo_diff_25.png
SZ,0.001641025641025641,SZ_x__abs0.001641025641025641,0.00164102,0.00164102,62.1327,43.6997,1.7171900000000002,44.3265,39.9552,4.34419,spectrum_26.png,halo_26.png,halo_ratio_26.png,halo_ratio_zoom_26.png,halo_abs_26.png,halo_diff_26.png
SZ,0.0016666666666666668,SZ_x__abs0.0016666666666666668,0.00166667,0.00166667,62.1993,43.8488,1.7493900000000002,43.4621,40.908,4.35861,spectrum_27.png,halo_27.png,halo_ratio_27.png,halo_ratio_zoom_27.png,halo_abs_27.png,halo_diff_27.png
SZ,0.0016923076923076926,SZ_x__abs0.0016923076923076924,0.00169231,0.00169231,62.3012,44.2042,1.69288,44.1154,41.1015,4.35865,spectrum_28.png,halo_28.png,halo_ratio_28.png,halo_ratio_zoom_28.png,halo_abs_28.png,halo_diff_28.png
SZ,0.001717948717948718,SZ_x__abs0.001717948717948718,0.00171795,0.00171795,59.3943,44.4161,1.63609,42.9132,41.3258,4.38727,spectrum_29.png,halo_29.png,halo_ratio_29.png,halo_ratio_zoom_29.png,halo_abs_29.png,halo_diff_29.png
SZ,0.0017435897435897436,SZ_x__abs0.0017435897435897436,0.00174358,0.00174358,61.9653,44.6209,1.6949,43.9797,40.9764,4.4089,spectrum_30.png,halo_30.png,halo_ratio_30.png,halo_ratio_zoom_30.png,halo_abs_30.png,halo_diff_30.png
SZ,0.0017692307692307695,SZ_x__abs0.0017692307692307695,0.00176923,0.00176923,61.8989,44.5157,1.63434,42.8607,41.0085,4.39941,spectrum_31.png,halo_31.png,halo_ratio_31.png,halo_ratio_zoom_31.png,halo_abs_31.png,halo_diff_31.png
SZ,0.0017948717948717949,SZ_x__abs0.001794871794871795,0.00179487,0.00179487,61.8965,44.2811,1.63268,42.3238,41.2806,4.43385,spectrum_32.png,halo_32.png,halo_ratio_32.png,halo_ratio_zoom_32.png,halo_abs_32.png,halo_diff_32.png
SZ,0.0018205128205128207,SZ_x__abs0.0018205128205128207,0.00182051,0.00182051,62.4241,44.4506,1.66103,42.8073,41.3281,4.45115,spectrum_33.png,halo_33.png,halo_ratio_33.png,halo_ratio_zoom_33.png,halo_abs_33.png,halo_diff_33.png
SZ,0.0018461538461538465,SZ_x__abs0.0018461538461538463,0.00184615,0.00184615,54.1591,44.4946,1.69973,41.6219,40.9593,4.44118,spectrum_34.png,halo_34.png,halo_ratio_34.png,halo_ratio_zoom_34.png,halo_abs_34.png,halo_diff_34.png
SZ,0.001871794871794872,SZ_x__abs0.001871794871794872,0.00187179,0.00187179,60.3177,44.7318,1.67717,43.1354,40.8048,4.47499,spectrum_35.png,halo_35.png,halo_ratio_35.png,halo_ratio_zoom_35.png,halo_abs_35.png,halo_diff_35.png
SZ,0.0018974358974358976,SZ_x__abs0.0018974358974358976,0.00189743,0.00189743,61.7277,45.7164,1.6426599999999998,43.7569,41.3499,4.49461,spectrum_36.png,halo_36.png,halo_ratio_36.png,halo_ratio_zoom_36.png,halo_abs_36.png,halo_diff_36.png
SZ,0.0019230769230769234,SZ_x__abs0.0019230769230769232,0.00192307,0.00192307,61.9686,45.3113,1.71977,43.5093,41.5935,4.5103800000000005,spectrum_37.png,halo_37.png,halo_ratio_37.png,halo_ratio_zoom_37.png,halo_abs_37.png,halo_diff_37.png
SZ,0.0019487179487179488,SZ_x__abs0.0019487179487179488,0.00194871,0.00194871,59.641999999999996,45.1103,1.6917200000000001,45.178000000000004,41.6031,4.51221,spectrum_38.png,halo_38.png,halo_ratio_38.png,halo_ratio_zoom_38.png,halo_abs_38.png,halo_diff_38.png
SZ,0.0019743589743589744,SZ_x__abs0.0019743589743589744,0.00197436,0.00197436,61.2725,44.9214,1.73908,45.7997,41.7658,4.532430000000001,spectrum_39.png,halo_39.png,halo_ratio_39.png,halo_ratio_zoom_39.png,halo_abs_39.png,halo_diff_39.png
SZ,0.002,SZ_x__abs0.002,0.002,0.002,62.6831,45.4371,1.69075,48.982,42.6167,4.5464400000000005,spectrum_40.png,halo_40.png,halo_ratio_40.png,halo_ratio_zoom_40.png,halo_abs_40.png,halo_diff_40.png
SZ,0.0020256410256410252,SZ_x__abs0.0020256410256410257,0.00202563,0.00202563,62.9915,45.8265,1.59582,47.3303,42.9497,4.54713,spectrum_41.png,halo_41.png,halo_ratio_41.png,halo_ratio_zoom_41.png,halo_abs_41.png,halo_diff_41.png
SZ,0.0020512820512820517,SZ_x__abs0.0020512820512820513,0.00205128,0.00205128,63.1854,46.0304,1.6119999999999999,48.7389,43.0646,4.5661,spectrum_42.png,halo_42.png,halo_ratio_42.png,halo_ratio_zoom_42.png,halo_abs_42.png,halo_diff_42.png
SZ,0.002076923076923077,SZ_x__abs0.002076923076923077,0.00207692,0.00207692,63.1785,45.9609,1.6347,47.8967,42.9317,4.583130000000001,spectrum_43.png,halo_43.png,halo_ratio_43.png,halo_ratio_zoom_43.png,halo_abs_43.png,halo_diff_43.png
SZ,0.0021025641025641025,SZ_x__abs0.0021025641025641025,0.00210256,0.00210256,62.9922,46.4296,1.5933700000000002,46.6785,43.2178,4.58197,spectrum_44.png,halo_44.png,halo_ratio_44.png,halo_ratio_zoom_44.png,halo_abs_44.png,halo_diff_44.png
SZ,0.002128205128205128,SZ_x__abs0.002128205128205128,0.0021282,0.0021282,62.808,46.293,1.62229,43.9828,43.6439,4.60077,spectrum_45.png,halo_45.png,halo_ratio_45.png,halo_ratio_zoom_45.png,halo_abs_45.png,halo_diff_45.png
SZ,0.0021538461538461533,SZ_x__abs0.0021538461538461538,0.00215384,0.00215384,63.2301,46.8137,1.63289,46.9626,43.4257,4.61683,spectrum_46.png,halo_46.png,halo_ratio_46.png,halo_ratio_zoom_46.png,halo_abs_46.png,halo_diff_46.png
SZ,0.00217948717948718,SZ_x__abs0.0021794871794871794,0.00217948,0.00217948,62.5398,46.5171,1.59633,46.8549,43.3751,4.61508,spectrum_47.png,halo_47.png,halo_ratio_47.png,halo_ratio_zoom_47.png,halo_abs_47.png,halo_diff_47.png
SZ,0.002205128205128205,SZ_x__abs0.002205128205128205,0.00220513,0.00220513,63.1549,46.3225,1.60356,47.3417,44.0774,4.64051,spectrum_48.png,halo_48.png,halo_ratio_48.png,halo_ratio_zoom_48.png,halo_abs_48.png,halo_diff_48.png
SZ,0.0022307692307692306,SZ_x__abs0.0022307692307692306,0.00223077,0.00223077,54.3038,46.2974,1.60899,47.1111,43.602,4.65028,spectrum_49.png,halo_49.png,halo_ratio_49.png,halo_ratio_zoom_49.png,halo_abs_49.png,halo_diff_49.png
SZ,0.002256410256410256,SZ_x__abs0.0022564102564102562,0.00225641,0.00225641,55.097,46.9303,1.63503,48.1888,43.3409,4.647530000000001,spectrum_50.png,halo_50.png,halo_ratio_50.png,halo_ratio_zoom_50.png,halo_abs_50.png,halo_diff_50.png
SZ,0.0022820512820512823,SZ_x__abs0.0022820512820512823,0.00228205,0.00228205,63.0439,47.4141,1.5968200000000001,47.0227,43.6035,4.67365,spectrum_51.png,halo_51.png,halo_ratio_51.png,halo_ratio_zoom_51.png,halo_abs_51.png,halo_diff_51.png
SZ,0.002307692307692308,SZ_x__abs0.002307692307692308,0.00230769,0.00230769,63.0227,46.7176,1.5703799999999999,47.5797,43.7481,4.68299,spectrum_52.png,halo_52.png,halo_ratio_52.png,halo_ratio_zoom_52.png,halo_abs_52.png,halo_diff_52.png
SZ,0.0023333333333333327,SZ_x__abs0.0023333333333333335,0.00233333,0.00233333,62.9012,46.9733,1.6501599999999998,48.7161,43.5001,4.67951,spectrum_53.png,halo_53.png,halo_ratio_53.png,halo_ratio_zoom_53.png,halo_abs_53.png,halo_diff_53.png
SZ,0.002358974358974359,SZ_x__abs0.002358974358974359,0.00235897,0.00235897,63.0131,47.1072,1.61979,47.6922,43.7893,4.7010000000000005,spectrum_54.png,halo_54.png,halo_ratio_54.png,halo_ratio_zoom_54.png,halo_abs_54.png,halo_diff_54.png
SZ,0.002384615384615385,SZ_x__abs0.0023846153846153848,0.00238461,0.00238461,62.9923,47.0781,1.61711,47.858999999999995,44.3081,4.71629,spectrum_55.png,halo_55.png,halo_ratio_55.png,halo_ratio_zoom_55.png,halo_abs_55.png,halo_diff_55.png
SZ,0.0024102564102564104,SZ_x__abs0.0024102564102564104,0.00241025,0.00241025,63.108000000000004,47.3247,1.6907900000000002,47.7008,43.9953,4.70734,spectrum_56.png,halo_56.png,halo_ratio_56.png,halo_ratio_zoom_56.png,halo_abs_56.png,halo_diff_56.png
SZ,0.002435897435897436,SZ_x__abs0.002435897435897436,0.00243589,0.00243589,62.8197,48.4776,1.6537,44.1962,44.456,4.73367,spectrum_57.png,halo_57.png,halo_ratio_57.png,halo_ratio_zoom_57.png,halo_abs_57.png,halo_diff_57.png
SZ,0.002461538461538461,SZ_x__abs0.0024615384615384616,0.00246154,0.00246154,61.8083,48.0584,1.65962,46.9586,43.1451,4.74629,spectrum_58.png,halo_58.png,halo_ratio_58.png,halo_ratio_zoom_58.png,halo_abs_58.png,halo_diff_58.png
SZ,0.0024871794871794872,SZ_x__abs0.0024871794871794872,0.00248718,0.00248718,62.7615,47.5261,1.7426700000000002,43.4174,42.7338,4.74041,spectrum_59.png,halo_59.png,halo_ratio_59.png,halo_ratio_zoom_59.png,halo_abs_59.png,halo_diff_59.png
SZ,0.002512820512820513,SZ_x__abs0.002512820512820513,0.00251282,0.00251282,53.3628,47.995,1.71518,40.8364,43.909,4.76424,spectrum_60.png,halo_60.png,halo_ratio_60.png,halo_ratio_zoom_60.png,halo_abs_60.png,halo_diff_60.png
SZ,0.0025384615384615385,SZ_x__abs0.0025384615384615385,0.00253846,0.00253846,54.1551,48.1949,1.7033900000000002,42.7986,44.3757,4.776619999999999,spectrum_61.png,halo_61.png,halo_ratio_61.png,halo_ratio_zoom_61.png,halo_abs_61.png,halo_diff_61.png
SZ,0.002564102564102564,SZ_x__abs0.002564102564102564,0.0025640999999999997,0.0025640999999999997,62.4013,47.977,1.61675,45.297,43.0091,4.79239,spectrum_62.png,halo_62.png,halo_ratio_62.png,halo_ratio_zoom_62.png,halo_abs_62.png,halo_diff_62.png
SZ,0.0025897435897435893,SZ_x__abs0.0025897435897435897,0.00258974,0.00258974,53.0776,48.3388,1.6572799999999999,43.2762,44.8286,4.78828,spectrum_63.png,halo_63.png,halo_ratio_63.png,halo_ratio_zoom_63.png,halo_abs_63.png,halo_diff_63.png
SZ,0.0026153846153846158,SZ_x__abs0.0026153846153846153,0.00261538,0.00261538,54.5878,48.38,1.69717,45.1466,45.0522,4.80821,spectrum_64.png,halo_64.png,halo_ratio_64.png,halo_ratio_zoom_64.png,halo_abs_64.png,halo_diff_64.png
SZ,0.002641025641025641,SZ_x__abs0.002641025641025641,0.00264102,0.00264102,54.4361,48.1978,1.64612,45.8964,45.22,4.823919999999999,spectrum_65.png,halo_65.png,halo_ratio_65.png,halo_ratio_zoom_65.png,halo_abs_65.png,halo_diff_65.png
SZ,0.002666666666666667,SZ_x__abs0.002666666666666667,0.00266666,0.00266666,60.4274,48.2783,1.6703400000000002,41.9319,44.7597,4.82164,spectrum_66.png,halo_66.png,halo_ratio_66.png,halo_ratio_zoom_66.png,halo_abs_66.png,halo_diff_66.png
SZ,0.002692307692307693,SZ_x__abs0.0026923076923076926,0.0026923000000000003,0.0026923000000000003,62.6382,48.3718,1.7088400000000001,44.1352,45.2441,4.83969,spectrum_67.png,halo_67.png,halo_ratio_67.png,halo_ratio_zoom_67.png,halo_abs_67.png,halo_diff_67.png
SZ,0.0027179487179487182,SZ_x__abs0.0027179487179487182,0.00271795,0.00271795,62.7548,49.0225,1.7542900000000001,42.5782,44.4651,4.8517,spectrum_68.png,halo_68.png,halo_ratio_68.png,halo_ratio_zoom_68.png,halo_abs_68.png,halo_diff_68.png
SZ,0.0027435897435897443,SZ_x__abs0.002743589743589744,0.00274359,0.00274359,62.3736,48.5608,1.69291,43.4342,44.7797,4.84994,spectrum_69.png,halo_69.png,halo_ratio_69.png,halo_ratio_zoom_69.png,halo_abs_69.png,halo_diff_69.png
SZ,0.002769230769230769,SZ_x__abs0.0027692307692307695,0.00276922,0.00276922,62.5995,48.7114,1.64167,42.975,45.3915,4.86879,spectrum_70.png,halo_70.png,halo_ratio_70.png,halo_ratio_zoom_70.png,halo_abs_70.png,halo_diff_70.png
SZ,0.002794871794871795,SZ_x__abs0.002794871794871795,0.00279487,0.00279487,61.591,49.6675,1.63736,44.8852,44.7255,4.88437,spectrum_71.png,halo_71.png,halo_ratio_71.png,halo_ratio_zoom_71.png,halo_abs_71.png,halo_diff_71.png
SZ,0.002820512820512821,SZ_x__abs0.0028205128205128207,0.00282051,0.00282051,53.2197,48.8204,1.7408400000000002,44.1772,44.5486,4.87933,spectrum_72.png,halo_72.png,halo_ratio_72.png,halo_ratio_zoom_72.png,halo_abs_72.png,halo_diff_72.png
SZ,0.0028461538461538463,SZ_x__abs0.0028461538461538463,0.00284615,0.00284615,60.2509,49.6978,1.63438,44.1856,45.0534,4.90509,spectrum_73.png,halo_73.png,halo_ratio_73.png,halo_ratio_zoom_73.png,halo_abs_73.png,halo_diff_73.png
SZ,0.002871794871794872,SZ_x__abs0.002871794871794872,0.00287179,0.00287179,62.001999999999995,48.4788,1.72215,42.7033,44.6327,4.9147099999999995,spectrum_74.png,halo_74.png,halo_ratio_74.png,halo_ratio_zoom_74.png,halo_abs_74.png,halo_diff_74.png
SZ,0.0028974358974358976,SZ_x__abs0.0028974358974358976,0.00289743,0.00289743,55.7536,49.4103,1.6527900000000002,41.6808,44.1164,4.90509,spectrum_75.png,halo_75.png,halo_ratio_75.png,halo_ratio_zoom_75.png,halo_abs_75.png,halo_diff_75.png
SZ,0.002923076923076923,SZ_x__abs0.002923076923076923,0.00292307,0.00292307,60.3181,49.0697,1.6573,43.088,45.5815,4.92508,spectrum_76.png,halo_76.png,halo_ratio_76.png,halo_ratio_zoom_76.png,halo_abs_76.png,halo_diff_76.png
SZ,0.002948717948717949,SZ_x__abs0.002948717948717949,0.00294872,0.00294872,54.162,49.4502,1.6603599999999998,44.6831,45.8947,4.93173,spectrum_77.png,halo_77.png,halo_ratio_77.png,halo_ratio_zoom_77.png,halo_abs_77.png,halo_diff_77.png
SZ,0.0029743589743589744,SZ_x__abs0.0029743589743589744,0.00297435,0.00297435,59.3582,49.5345,1.67905,44.3972,45.1126,4.92052,spectrum_78.png,halo_78.png,halo_ratio_78.png,halo_ratio_zoom_78.png,halo_abs_78.png,halo_diff_78.png
SZ,0.003,SZ_x__abs0.003,0.00299999,0.00299999,62.7941,50.0898,1.6692799999999999,51.3996,46.8306,4.93142,spectrum_79.png,halo_79.png,halo_ratio_79.png,halo_ratio_zoom_79.png,halo_abs_79.png,halo_diff_79.png
SZ,0.0030256410256410252,SZ_x__abs0.0030256410256410257,0.00302564,0.00302564,63.1764,50.0942,1.40455,52.0189,47.0099,4.94241,spectrum_80.png,halo_80.png,halo_ratio_80.png,halo_ratio_zoom_80.png,halo_abs_80.png,halo_diff_80.png
SZ,0.0030512820512820517,SZ_x__abs0.0030512820512820513,0.00305128,0.00305128,63.0268,50.0502,1.6287399999999999,46.3463,46.6921,4.92575,spectrum_81.png,halo_81.png,halo_ratio_81.png,halo_ratio_zoom_81.png,halo_abs_81.png,halo_diff_81.png
SZ,0.003076923076923077,SZ_x__abs0.003076923076923077,0.00307692,0.00307692,62.2171,49.915,1.59705,45.5759,46.6389,4.94716,spectrum_82.png,halo_82.png,halo_ratio_82.png,halo_ratio_zoom_82.png,halo_abs_82.png,halo_diff_82.png
SZ,0.0031025641025641025,SZ_x__abs0.0031025641025641025,0.00310256,0.00310256,62.0408,50.2101,1.6766299999999998,47.1728,47.1587,4.95996,spectrum_83.png,halo_83.png,halo_ratio_83.png,halo_ratio_zoom_83.png,halo_abs_83.png,halo_diff_83.png
SZ,0.003128205128205128,SZ_x__abs0.003128205128205128,0.0031282,0.0031282,62.4755,50.1133,1.59266,48.4581,46.9403,4.96965,spectrum_84.png,halo_84.png,halo_ratio_84.png,halo_ratio_zoom_84.png,halo_abs_84.png,halo_diff_84.png
SZ,0.0031538461538461533,SZ_x__abs0.0031538461538461538,0.00315385,0.00315385,60.6198,50.6958,1.61004,47.3531,46.6937,4.97269,spectrum_85.png,halo_85.png,halo_ratio_85.png,halo_ratio_zoom_85.png,halo_abs_85.png,halo_diff_85.png
SZ,0.00317948717948718,SZ_x__abs0.0031794871794871794,0.00317948,0.00317948,60.5519,50.6795,1.60649,47.3921,46.2979,4.9886800000000004,spectrum_86.png,halo_86.png,halo_ratio_86.png,halo_ratio_zoom_86.png,halo_abs_86.png,halo_diff_86.png
SZ,0.003205128205128205,SZ_x__abs0.003205128205128205,0.00320512,0.00320512,62.419,50.6118,1.57691,48.4527,47.156000000000006,5.0029699999999995,spectrum_87.png,halo_87.png,halo_ratio_87.png,halo_ratio_zoom_87.png,halo_abs_87.png,halo_diff_87.png
SZ,0.0032307692307692306,SZ_x__abs0.0032307692307692306,0.00323077,0.00323077,62.4792,50.6514,1.56676,45.0276,46.9617,5.00264,spectrum_88.png,halo_88.png,halo_ratio_88.png,halo_ratio_zoom_88.png,halo_abs_88.png,halo_diff_88.png
SZ,0.0032564102564102567,SZ_x__abs0.0032564102564102563,0.0032564,0.0032564,62.5912,51.1817,1.6681400000000002,47.4026,47.4271,5.01795,spectrum_89.png,halo_89.png,halo_ratio_89.png,halo_ratio_zoom_89.png,halo_abs_89.png,halo_diff_89.png
SZ,0.0032820512820512823,SZ_x__abs0.0032820512820512823,0.00328204,0.00328204,62.4552,51.7809,1.60047,48.4157,47.4394,5.03756,spectrum_90.png,halo_90.png,halo_ratio_90.png,halo_ratio_zoom_90.png,halo_abs_90.png,halo_diff_90.png
SZ,0.003307692307692308,SZ_x__abs0.003307692307692308,0.00330769,0.00330769,62.3265,51.0167,1.604,47.0573,46.8099,5.03774,spectrum_91.png,halo_91.png,halo_ratio_91.png,halo_ratio_zoom_91.png,halo_abs_91.png,halo_diff_91.png
SZ,0.0033333333333333327,SZ_x__abs0.0033333333333333335,0.00333333,0.00333333,62.7918,51.6223,1.60599,47.6173,47.1579,5.05476,spectrum_92.png,halo_92.png,halo_ratio_92.png,halo_ratio_zoom_92.png,halo_abs_92.png,halo_diff_92.png
SZ,0.003358974358974359,SZ_x__abs0.003358974358974359,0.00335896,0.00335896,53.8407,51.6762,1.6063,46.5,47.6775,5.0686,spectrum_93.png,halo_93.png,halo_ratio_93.png,halo_ratio_zoom_93.png,halo_abs_93.png,halo_diff_93.png
SZ,0.0033846153846153852,SZ_x__abs0.003384615384615385,0.00338461,0.00338461,62.6898,51.2322,1.63385,45.5055,47.0826,5.06541,spectrum_94.png,halo_94.png,halo_ratio_94.png,halo_ratio_zoom_94.png,halo_abs_94.png,halo_diff_94.png
SZ,0.0034102564102564104,SZ_x__abs0.0034102564102564104,0.00341025,0.00341025,62.6195,51.4918,1.61311,46.7139,46.6877,5.0789800000000005,spectrum_95.png,halo_95.png,halo_ratio_95.png,halo_ratio_zoom_95.png,halo_abs_95.png,halo_diff_95.png
SZ,0.003435897435897436,SZ_x__abs0.003435897435897436,0.00343589,0.00343589,62.6881,51.5599,1.67025,43.5607,46.9849,5.09181,spectrum_96.png,halo_96.png,halo_ratio_96.png,halo_ratio_zoom_96.png,halo_abs_96.png,halo_diff_96.png
SZ,0.003461538461538461,SZ_x__abs0.0034615384615384616,0.00346152,0.00346152,60.4832,51.3478,1.67058,47.7266,46.6625,5.09621,spectrum_97.png,halo_97.png,halo_ratio_97.png,halo_ratio_zoom_97.png,halo_abs_97.png,halo_diff_97.png
SZ,0.0034871794871794877,SZ_x__abs0.0034871794871794873,0.00348718,0.00348718,62.5939,51.7123,1.6330799999999999,45.562,45.9806,5.11693,spectrum_98.png,halo_98.png,halo_ratio_98.png,halo_ratio_zoom_98.png,halo_abs_98.png,halo_diff_98.png
SZ,0.003512820512820513,SZ_x__abs0.003512820512820513,0.00351281,0.00351281,60.8217,51.7661,1.6933099999999999,41.6146,46.8619,5.12545,spectrum_99.png,halo_99.png,halo_ratio_99.png,halo_ratio_zoom_99.png,halo_abs_99.png,halo_diff_99.png
SZ,0.003538461538461538,SZ_x__abs0.0035384615384615385,0.00353846,0.00353846,54.2106,51.5081,1.65405,43.556999999999995,47.4373,5.121519999999999,spectrum_100.png,halo_100.png,halo_ratio_100.png,halo_ratio_zoom_100.png,halo_abs_100.png,halo_diff_100.png
SZ,0.003564102564102564,SZ_x__abs0.003564102564102564,0.0035640999999999997,0.0035640999999999997,61.8227,51.7975,1.6842099999999998,42.9937,47.534,5.1435,spectrum_101.png,halo_101.png,halo_ratio_101.png,halo_ratio_zoom_101.png,halo_abs_101.png,halo_diff_101.png
SZ,0.0035897435897435897,SZ_x__abs0.0035897435897435897,0.00358973,0.00358973,54.4454,52.8351,1.7224700000000002,43.9543,47.9123,5.157109999999999,spectrum_102.png,halo_102.png,halo_ratio_102.png,halo_ratio_zoom_102.png,halo_abs_102.png,halo_diff_102.png
SZ,0.003615384615384616,SZ_x__abs0.0036153846153846154,0.00361538,0.00361538,62.657,51.7942,1.61709,44.7309,48.3398,5.14814,spectrum_103.png,halo_103.png,halo_ratio_103.png,halo_ratio_zoom_103.png,halo_abs_103.png,halo_diff_103.png
SZ,0.0036410256410256405,SZ_x__abs0.003641025641025641,0.00364102,0.00364102,53.2909,51.553000000000004,1.73527,44.3604,48.3179,5.17034,spectrum_104.png,halo_104.png,halo_ratio_104.png,halo_ratio_zoom_104.png,halo_abs_104.png,halo_diff_104.png
SZ,0.003666666666666667,SZ_x__abs0.003666666666666667,0.00366666,0.00366666,59.433,52.8693,1.6684,44.3142,48.5278,5.18759,spectrum_105.png,halo_105.png,halo_ratio_105.png,halo_ratio_zoom_105.png,halo_abs_105.png,halo_diff_105.png
SZ,0.003692307692307693,SZ_x__abs0.0036923076923076927,0.00369231,0.00369231,54.2334,52.5161,1.7368599999999998,41.6085,48.0513,5.17875,spectrum_106.png,halo_106.png,halo_ratio_106.png,halo_ratio_zoom_106.png,halo_abs_106.png,halo_diff_106.png
SZ,0.0037179487179487187,SZ_x__abs0.0037179487179487183,0.00371795,0.00371795,53.9947,52.7579,1.7020099999999998,44.434,47.6465,5.19672,spectrum_107.png,halo_107.png,halo_ratio_107.png,halo_ratio_zoom_107.png,halo_abs_107.png,halo_diff_107.png
SZ,0.003743589743589744,SZ_x__abs0.003743589743589744,0.00374359,0.00374359,60.5524,52.1652,1.6835799999999999,44.7568,48.1869,5.21315,spectrum_108.png,halo_108.png,halo_ratio_108.png,halo_ratio_zoom_108.png,halo_abs_108.png,halo_diff_108.png
SZ,0.0037692307692307695,SZ_x__abs0.0037692307692307695,0.00376923,0.00376923,62.078,52.2416,1.7335,43.3315,47.9325,5.225219999999999,spectrum_109.png,halo_109.png,halo_ratio_109.png,halo_ratio_zoom_109.png,halo_abs_109.png,halo_diff_109.png
SZ,0.003794871794871795,SZ_x__abs0.003794871794871795,0.00379487,0.00379487,62.4663,52.8854,1.63989,43.4491,48.3026,5.22466,spectrum_110.png,halo_110.png,halo_ratio_110.png,halo_ratio_zoom_110.png,halo_abs_110.png,halo_diff_110.png
SZ,0.003820512820512821,SZ_x__abs0.0038205128205128207,0.00382051,0.00382051,53.7301,52.6366,1.62753,44.7566,48.3716,5.23579,spectrum_111.png,halo_111.png,halo_ratio_111.png,halo_ratio_zoom_111.png,halo_abs_111.png,halo_diff_111.png
SZ,0.003846153846153847,SZ_x__abs0.0038461538461538464,0.00384615,0.00384615,59.6303,53.0168,1.6548200000000002,42.4509,47.5069,5.25275,spectrum_112.png,halo_112.png,halo_ratio_112.png,halo_ratio_zoom_112.png,halo_abs_112.png,halo_diff_112.png
SZ,0.003871794871794872,SZ_x__abs0.003871794871794872,0.00387179,0.00387179,62.0544,52.3391,1.7006599999999998,44.7423,47.1629,5.2487900000000005,spectrum_113.png,halo_113.png,halo_ratio_113.png,halo_ratio_zoom_113.png,halo_abs_113.png,halo_diff_113.png
SZ,0.0038974358974358976,SZ_x__abs0.0038974358974358976,0.00389743,0.00389743,61.7466,52.681999999999995,1.69829,43.7404,47.6689,5.2616,spectrum_114.png,halo_114.png,halo_ratio_114.png,halo_ratio_zoom_114.png,halo_abs_114.png,halo_diff_114.png
SZ,0.003923076923076922,SZ_x__abs0.003923076923076923,0.00392307,0.00392307,61.9965,53.1627,1.6300299999999999,46.0558,48.5721,5.27685,spectrum_115.png,halo_115.png,halo_ratio_115.png,halo_ratio_zoom_115.png,halo_abs_115.png,halo_diff_115.png
SZ,0.003948717948717949,SZ_x__abs0.003948717948717949,0.00394871,0.00394871,62.211999999999996,53.0811,1.6123,45.4435,48.6759,5.2750699999999995,spectrum_116.png,halo_116.png,halo_ratio_116.png,halo_ratio_zoom_116.png,halo_abs_116.png,halo_diff_116.png
SZ,0.003974358974358975,SZ_x__abs0.0039743589743589745,0.00397435,0.00397435,62.3459,53.0745,1.6579099999999998,43.6097,47.8367,5.2845699999999995,spectrum_117.png,halo_117.png,halo_ratio_117.png,halo_ratio_zoom_117.png,halo_abs_117.png,halo_diff_117.png
SZ,0.004,SZ_x__abs0.004,0.00399999,0.00399999,61.0883,53.9535,1.57331,49.513999999999996,49.2663,5.29866,spectrum_118.png,halo_118.png,halo_ratio_118.png,halo_ratio_zoom_118.png,halo_abs_118.png,halo_diff_118.png
SZ,0.004025641025641026,SZ_x__abs0.004025641025641026,0.00402564,0.00402564,63.1836,53.8743,1.5983399999999999,46.2728,49.3414,5.30122,spectrum_119.png,halo_119.png,halo_ratio_119.png,halo_ratio_zoom_119.png,halo_abs_119.png,halo_diff_119.png
SZ,0.0040512820512820505,SZ_x__abs0.004051282051282051,0.00405127,0.00405127,63.3371,53.8931,1.6050200000000001,47.1186,49.8329,5.32095,spectrum_120.png,halo_120.png,halo_ratio_120.png,halo_ratio_zoom_120.png,halo_abs_120.png,halo_diff_120.png
SZ,0.004076923076923077,SZ_x__abs0.004076923076923077,0.00407692,0.00407692,61.6325,53.7442,1.58257,46.3524,49.5145,5.32972,spectrum_121.png,halo_121.png,halo_ratio_121.png,halo_ratio_zoom_121.png,halo_abs_121.png,halo_diff_121.png
SZ,0.004102564102564103,SZ_x__abs0.0041025641025641026,0.00410256,0.00410256,63.1068,54.6023,1.57351,47.8975,48.9416,5.32527,spectrum_122.png,halo_122.png,halo_ratio_122.png,halo_ratio_zoom_122.png,halo_abs_122.png,halo_diff_122.png
SZ,0.004128205128205128,SZ_x__abs0.004128205128205128,0.004128199999999999,0.004128199999999999,63.4608,54.2726,1.5850899999999999,48.5884,50.0809,5.33754,spectrum_123.png,halo_123.png,halo_ratio_123.png,halo_ratio_zoom_123.png,halo_abs_123.png,halo_diff_123.png
SZ,0.004153846153846154,SZ_x__abs0.004153846153846154,0.00415384,0.00415384,63.2567,54.4198,1.5896700000000001,46.4396,49.2984,5.34644,spectrum_124.png,halo_124.png,halo_ratio_124.png,halo_ratio_zoom_124.png,halo_abs_124.png,halo_diff_124.png
SZ,0.0041794871794871786,SZ_x__abs0.004179487179487179,0.00417948,0.00417948,53.9944,53.7462,1.6119999999999999,47.4707,49.8364,5.34675,spectrum_125.png,halo_125.png,halo_ratio_125.png,halo_ratio_zoom_125.png,halo_abs_125.png,halo_diff_125.png
SZ,0.004205128205128205,SZ_x__abs0.004205128205128205,0.00420512,0.00420512,63.4619,54.465,1.58608,48.7099,50.1922,5.36177,spectrum_126.png,halo_126.png,halo_ratio_126.png,halo_ratio_zoom_126.png,halo_abs_126.png,halo_diff_126.png
SZ,0.0042307692307692315,SZ_x__abs0.004230769230769231,0.00423077,0.00423077,63.5235,54.3019,1.60784,47.2985,50.168,5.37825,spectrum_127.png,halo_127.png,halo_ratio_127.png,halo_ratio_zoom_127.png,halo_abs_127.png,halo_diff_127.png
SZ,0.004256410256410256,SZ_x__abs0.004256410256410256,0.00425641,0.00425641,63.6762,54.8273,1.5854700000000002,46.3209,50.57899999999999,5.36955,spectrum_128.png,halo_128.png,halo_ratio_128.png,halo_ratio_zoom_128.png,halo_abs_128.png,halo_diff_128.png
SZ,0.004282051282051282,SZ_x__abs0.004282051282051282,0.00428205,0.00428205,63.6062,54.9065,1.60974,47.5431,50.1092,5.380330000000001,spectrum_129.png,halo_129.png,halo_ratio_129.png,halo_ratio_zoom_129.png,halo_abs_129.png,halo_diff_129.png
SZ,0.0043076923076923075,SZ_x__abs0.0043076923076923075,0.00430769,0.00430769,63.5768,54.3052,1.57322,46.0257,50.6927,5.39773,spectrum_130.png,halo_130.png,halo_ratio_130.png,halo_ratio_zoom_130.png,halo_abs_130.png,halo_diff_130.png
SZ,0.004333333333333333,SZ_x__abs0.004333333333333333,0.00433333,0.00433333,63.4951,54.8767,1.58016,46.9251,50.218,5.38853,spectrum_131.png,halo_131.png,halo_ratio_131.png,halo_ratio_zoom_131.png,halo_abs_131.png,halo_diff_131.png
SZ,0.00435897435897436,SZ_x__abs0.004358974358974359,0.00435896,0.00435896,63.4724,55.4064,1.59815,47.2538,50.4776,5.40526,spectrum_132.png,halo_132.png,halo_ratio_132.png,halo_ratio_zoom_132.png,halo_abs_132.png,halo_diff_132.png
SZ,0.004384615384615384,SZ_x__abs0.004384615384615384,0.00438461,0.00438461,63.5447,55.062,1.57931,46.956,50.6297,5.41879,spectrum_133.png,halo_133.png,halo_ratio_133.png,halo_ratio_zoom_133.png,halo_abs_133.png,halo_diff_133.png
SZ,0.00441025641025641,SZ_x__abs0.00441025641025641,0.00441026,0.00441026,63.4987,55.2995,1.62627,47.0666,49.6659,5.425730000000001,spectrum_134.png,halo_134.png,halo_ratio_134.png,halo_ratio_zoom_134.png,halo_abs_134.png,halo_diff_134.png
SZ,0.004435897435897436,SZ_x__abs0.004435897435897436,0.0044358999999999996,0.0044358999999999996,63.6066,55.3415,1.60893,45.0821,50.1086,5.43131,spectrum_135.png,halo_135.png,halo_ratio_135.png,halo_ratio_zoom_135.png,halo_abs_135.png,halo_diff_135.png
SZ,0.004461538461538461,SZ_x__abs0.004461538461538461,0.00446153,0.00446153,63.5919,55.1011,1.58991,45.4283,49.086999999999996,5.444719999999999,spectrum_136.png,halo_136.png,halo_ratio_136.png,halo_ratio_zoom_136.png,halo_abs_136.png,halo_diff_136.png
SZ,0.004487179487179487,SZ_x__abs0.004487179487179487,0.00448718,0.00448718,63.3985,55.3482,1.7225700000000002,43.4338,50.1385,5.44804,spectrum_137.png,halo_137.png,halo_ratio_137.png,halo_ratio_zoom_137.png,halo_abs_137.png,halo_diff_137.png
SZ,0.004512820512820513,SZ_x__abs0.0045128205128205125,0.00451282,0.00451282,62.7723,55.8744,1.62724,45.1426,50.5094,5.45145,spectrum_138.png,halo_138.png,halo_ratio_138.png,halo_ratio_zoom_138.png,halo_abs_138.png,halo_diff_138.png
SZ,0.004538461538461539,SZ_x__abs0.004538461538461539,0.00453845,0.00453845,62.8046,56.1784,1.7378200000000001,43.9715,50.7229,5.4609,spectrum_139.png,halo_139.png,halo_ratio_139.png,halo_ratio_zoom_139.png,halo_abs_139.png,halo_diff_139.png
SZ,0.004564102564102565,SZ_x__abs0.004564102564102565,0.00456409,0.00456409,63.0871,56.0301,1.6836,42.7614,49.9895,5.47168,spectrum_140.png,halo_140.png,halo_ratio_140.png,halo_ratio_zoom_140.png,halo_abs_140.png,halo_diff_140.png
SZ,0.00458974358974359,SZ_x__abs0.00458974358974359,0.00458974,0.00458974,55.0159,56.0111,1.73544,43.573,50.4749,5.474530000000001,spectrum_141.png,halo_141.png,halo_ratio_141.png,halo_ratio_zoom_141.png,halo_abs_141.png,halo_diff_141.png
SZ,0.004615384615384616,SZ_x__abs0.004615384615384616,0.00461538,0.00461538,54.8233,55.3802,1.64565,43.5898,50.0448,5.48418,spectrum_142.png,halo_142.png,halo_ratio_142.png,halo_ratio_zoom_142.png,halo_abs_142.png,halo_diff_142.png
SZ,0.004666666666666667,SZ_x__abs0.004666666666666667,0.00466666,0.00466666,54.3515,55.1078,1.6394,43.5463,50.6202,5.49613,spectrum_144.png,halo_144.png,halo_ratio_144.png,halo_ratio_zoom_144.png,halo_abs_144.png,halo_diff_144.png
SZ,0.004692307692307693,SZ_x__abs0.004692307692307693,0.0046923,0.0046923,63.2091,55.6368,1.68195,41.5863,51.0048,5.51242,spectrum_145.png,halo_145.png,halo_ratio_145.png,halo_ratio_zoom_145.png,halo_abs_145.png,halo_diff_145.png
SZ,0.004717948717948718,SZ_x__abs0.004717948717948718,0.00471795,0.00471795,62.9518,55.9597,1.71426,43.8108,50.4768,5.521809999999999,spectrum_146.png,halo_146.png,halo_ratio_146.png,halo_ratio_zoom_146.png,halo_abs_146.png,halo_diff_146.png
SZ,0.004743589743589744,SZ_x__abs0.004743589743589744,0.00474358,0.00474358,63.0876,56.0039,1.6655099999999998,44.0828,50.3329,5.512980000000001,spectrum_147.png,halo_147.png,halo_ratio_147.png,halo_ratio_zoom_147.png,halo_abs_147.png,halo_diff_147.png
SZ,0.00476923076923077,SZ_x__abs0.0047692307692307695,0.00476922,0.00476922,63.245,56.244,1.6849,45.3786,50.7483,5.53251,spectrum_148.png,halo_148.png,halo_ratio_148.png,halo_ratio_zoom_148.png,halo_abs_148.png,halo_diff_148.png
SZ,0.004794871794871795,SZ_x__abs0.004794871794871795,0.00479487,0.00479487,63.3268,56.3449,1.651,43.7755,51.5218,5.54355,spectrum_149.png,halo_149.png,halo_ratio_149.png,halo_ratio_zoom_149.png,halo_abs_149.png,halo_diff_149.png
SZ,0.004820512820512821,SZ_x__abs0.004820512820512821,0.00482051,0.00482051,61.5116,56.4718,1.6102299999999998,44.4588,50.6641,5.53408,spectrum_150.png,halo_150.png,halo_ratio_150.png,halo_ratio_zoom_150.png,halo_abs_150.png,halo_diff_150.png
SZ,0.004846153846153846,SZ_x__abs0.004846153846153846,0.00484614,0.00484614,60.4758,56.4931,1.66061,43.0878,49.3295,5.55529,spectrum_151.png,halo_151.png,halo_ratio_151.png,halo_ratio_zoom_151.png,halo_abs_151.png,halo_diff_151.png
SZ,0.004871794871794872,SZ_x__abs0.004871794871794872,0.00487179,0.00487179,62.1614,56.0462,1.6269799999999999,44.0212,50.4008,5.56423,spectrum_152.png,halo_152.png,halo_ratio_152.png,halo_ratio_zoom_152.png,halo_abs_152.png,halo_diff_152.png
SZ,0.004897435897435898,SZ_x__abs0.004897435897435898,0.00489743,0.00489743,63.0997,56.3284,1.5897299999999999,45.8268,50.1842,5.5523,spectrum_153.png,halo_153.png,halo_ratio_153.png,halo_ratio_zoom_153.png,halo_abs_153.png,halo_diff_153.png
SZ,0.004923076923076922,SZ_x__abs0.004923076923076923,0.00492308,0.00492308,60.8387,56.1848,1.61453,44.0685,51.0392,5.5778300000000005,spectrum_154.png,halo_154.png,halo_ratio_154.png,halo_ratio_zoom_154.png,halo_abs_154.png,halo_diff_154.png
SZ,0.004948717948717949,SZ_x__abs0.004948717948717949,0.00494871,0.00494871,62.2125,56.2924,1.68038,47.0849,51.0798,5.58213,spectrum_155.png,halo_155.png,halo_ratio_155.png,halo_ratio_zoom_155.png,halo_abs_155.png,halo_diff_155.png
SZ,0.004974358974358975,SZ_x__abs0.0049743589743589745,0.00497436,0.00497436,60.9467,56.4351,1.7091900000000002,40.8858,45.7065,5.57071,spectrum_156.png,halo_156.png,halo_ratio_156.png,halo_ratio_zoom_156.png,halo_abs_156.png,halo_diff_156.png
SZ,0.005,SZ_x__abs0.005,0.005,0.005,63.4961,57.1011,1.59499,48.6347,52.9055,5.59269,spectrum_157.png,halo_157.png,halo_ratio_157.png,halo_ratio_zoom_157.png,halo_abs_157.png,halo_diff_157.png
SZ,0.005025641025641026,SZ_x__abs0.005025641025641026,0.00502563,0.00502563,63.6126,57.3109,1.60696,47.5072,52.016000000000005,5.602869999999999,spectrum_158.png,halo_158.png,halo_ratio_158.png,halo_ratio_zoom_158.png,halo_abs_158.png,halo_diff_158.png
SZ,0.0050512820512820505,SZ_x__abs0.005051282051282051,0.00505127,0.00505127,63.7832,57.3821,1.5859,47.8564,53.0556,5.61341,spectrum_159.png,halo_159.png,halo_ratio_159.png,halo_ratio_zoom_159.png,halo_abs_159.png,halo_diff_159.png
SZ,0.005076923076923077,SZ_x__abs0.005076923076923077,0.00507692,0.00507692,61.205,57.3064,1.62493,46.3445,52.4676,5.6129,spectrum_160.png,halo_160.png,halo_ratio_160.png,halo_ratio_zoom_160.png,halo_abs_160.png,halo_diff_160.png
SZ,0.0051025641025641034,SZ_x__abs0.005102564102564103,0.00510256,0.00510256,63.8997,57.2577,1.60826,48.9459,52.0635,5.6231800000000005,spectrum_161.png,halo_161.png,halo_ratio_161.png,halo_ratio_zoom_161.png,halo_abs_161.png,halo_diff_161.png
SZ,0.005128205128205128,SZ_x__abs0.005128205128205128,0.005128199999999999,0.005128199999999999,63.7528,57.3097,1.57026,49.0195,52.6787,5.63676,spectrum_162.png,halo_162.png,halo_ratio_162.png,halo_ratio_zoom_162.png,halo_abs_162.png,halo_diff_162.png
SZ,0.005153846153846154,SZ_x__abs0.005153846153846154,0.00515384,0.00515384,63.7771,57.6269,1.54567,49.6017,52.5996,5.63404,spectrum_163.png,halo_163.png,halo_ratio_163.png,halo_ratio_zoom_163.png,halo_abs_163.png,halo_diff_163.png
SZ,0.005179487179487179,SZ_x__abs0.0051794871794871794,0.00517948,0.00517948,63.5437,57.8052,1.58471,45.7479,52.7795,5.64745,spectrum_164.png,halo_164.png,halo_ratio_164.png,halo_ratio_zoom_164.png,halo_abs_164.png,halo_diff_164.png
SZ,0.005205128205128205,SZ_x__abs0.005205128205128205,0.00520512,0.00520512,64.0052,58.0404,1.58156,48.3728,53.1731,5.65623,spectrum_165.png,halo_165.png,halo_ratio_165.png,halo_ratio_zoom_165.png,halo_abs_165.png,halo_diff_165.png
SZ,0.0052307692307692315,SZ_x__abs0.005230769230769231,0.00523075,0.00523075,63.9929,58.2254,1.55495,49.4704,52.5545,5.65379,spectrum_166.png,halo_166.png,halo_ratio_166.png,halo_ratio_zoom_166.png,halo_abs_166.png,halo_diff_166.png
SZ,0.005256410256410256,SZ_x__abs0.005256410256410256,0.0052564,0.0052564,63.8039,57.903999999999996,1.62974,47.1412,53.2293,5.6679699999999995,spectrum_167.png,halo_167.png,halo_ratio_167.png,halo_ratio_zoom_167.png,halo_abs_167.png,halo_diff_167.png
SZ,0.005282051282051282,SZ_x__abs0.005282051282051282,0.00528204,0.00528204,55.9541,57.7483,1.56572,48.5403,53.4555,5.67793,spectrum_168.png,halo_168.png,halo_ratio_168.png,halo_ratio_zoom_168.png,halo_abs_168.png,halo_diff_168.png
SZ,0.0053076923076923075,SZ_x__abs0.0053076923076923075,0.00530769,0.00530769,63.8519,59.0246,1.6092,47.2994,53.7368,5.67622,spectrum_169.png,halo_169.png,halo_ratio_169.png,halo_ratio_zoom_169.png,halo_abs_169.png,halo_diff_169.png
SZ,0.005333333333333333,SZ_x__abs0.005333333333333333,0.00533333,0.00533333,61.5393,57.8738,1.60879,47.4459,53.8458,5.69091,spectrum_170.png,halo_170.png,halo_ratio_170.png,halo_ratio_zoom_170.png,halo_abs_170.png,halo_diff_170.png
SZ,0.00535897435897436,SZ_x__abs0.005358974358974359,0.00535896,0.00535896,64.0403,58.5749,1.58618,48.6551,53.9783,5.69637,spectrum_171.png,halo_171.png,halo_ratio_171.png,halo_ratio_zoom_171.png,halo_abs_171.png,halo_diff_171.png
SZ,0.005384615384615384,SZ_x__abs0.005384615384615384,0.00538461,0.00538461,63.8524,58.2554,1.59598,47.2347,53.0029,5.69379,spectrum_172.png,halo_172.png,halo_ratio_172.png,halo_ratio_zoom_172.png,halo_abs_172.png,halo_diff_172.png
SZ,0.00541025641025641,SZ_x__abs0.00541025641025641,0.00541025,0.00541025,62.2735,59.3522,1.6546299999999998,49.3085,52.5076,5.70673,spectrum_173.png,halo_173.png,halo_ratio_173.png,halo_ratio_zoom_173.png,halo_abs_173.png,halo_diff_173.png
SZ,0.005435897435897436,SZ_x__abs0.005435897435897436,0.00543589,0.00543589,64.3522,58.2374,1.6582,45.7055,53.8454,5.7175400000000005,spectrum_174.png,halo_174.png,halo_ratio_174.png,halo_ratio_zoom_174.png,halo_abs_174.png,halo_diff_174.png
SZ,0.005461538461538462,SZ_x__abs0.005461538461538462,0.00546153,0.00546153,63.8041,57.9171,1.67242,41.6322,53.0171,5.706980000000001,spectrum_175.png,halo_175.png,halo_ratio_175.png,halo_ratio_zoom_175.png,halo_abs_175.png,halo_diff_175.png
SZ,0.005487179487179489,SZ_x__abs0.005487179487179488,0.00548718,0.00548718,63.7406,58.5286,1.63374,44.0722,50.9201,5.72612,spectrum_176.png,halo_176.png,halo_ratio_176.png,halo_ratio_zoom_176.png,halo_abs_176.png,halo_diff_176.png
SZ,0.005512820512820513,SZ_x__abs0.005512820512820513,0.00551282,0.00551282,61.3445,58.2048,1.65447,44.3543,53.3151,5.73495,spectrum_177.png,halo_177.png,halo_ratio_177.png,halo_ratio_zoom_177.png,halo_abs_177.png,halo_diff_177.png
SZ,0.005538461538461539,SZ_x__abs0.005538461538461539,0.00553846,0.00553846,63.2731,58.0541,1.69498,46.2116,53.0959,5.73149,spectrum_178.png,halo_178.png,halo_ratio_178.png,halo_ratio_zoom_178.png,halo_abs_178.png,halo_diff_178.png
SZ,0.005564102564102565,SZ_x__abs0.005564102564102565,0.00556409,0.00556409,62.3209,58.6346,1.60124,44.6435,54.2917,5.74737,spectrum_179.png,halo_179.png,halo_ratio_179.png,halo_ratio_zoom_179.png,halo_abs_179.png,halo_diff_179.png
SZ,0.00558974358974359,SZ_x__abs0.00558974358974359,0.00558974,0.00558974,55.233999999999995,58.7683,1.72711,44.95399999999999,53.8553,5.76103,spectrum_180.png,halo_180.png,halo_ratio_180.png,halo_ratio_zoom_180.png,halo_abs_180.png,halo_diff_180.png
SZ,0.005615384615384616,SZ_x__abs0.005615384615384616,0.00561538,0.00561538,60.9176,58.9111,1.69612,44.1919,53.8331,5.76996,spectrum_181.png,halo_181.png,halo_ratio_181.png,halo_ratio_zoom_181.png,halo_abs_181.png,halo_diff_181.png
SZ,0.005641025641025642,SZ_x__abs0.0056410256410256415,0.00564102,0.00564102,61.3063,59.5032,1.6684299999999999,42.0615,53.4261,5.77171,spectrum_182.png,halo_182.png,halo_ratio_182.png,halo_ratio_zoom_182.png,halo_abs_182.png,halo_diff_182.png
SZ,0.005666666666666667,SZ_x__abs0.005666666666666667,0.00566667,0.00566667,63.7196,58.9449,1.64219,45.4627,53.9578,5.78033,spectrum_183.png,halo_183.png,halo_ratio_183.png,halo_ratio_zoom_183.png,halo_abs_183.png,halo_diff_183.png
SZ,0.005692307692307693,SZ_x__abs0.005692307692307693,0.0056923,0.0056923,55.7571,58.8495,1.6462400000000001,42.8734,53.5941,5.78369,spectrum_184.png,halo_184.png,halo_ratio_184.png,halo_ratio_zoom_184.png,halo_abs_184.png,halo_diff_184.png
SZ,0.005717948717948718,SZ_x__abs0.005717948717948718,0.00571795,0.00571795,60.6679,60.2859,1.61904,45.4946,54.1091,5.77939,spectrum_185.png,halo_185.png,halo_ratio_185.png,halo_ratio_zoom_185.png,halo_abs_185.png,halo_diff_185.png
SZ,0.005743589743589744,SZ_x__abs0.005743589743589744,0.00574359,0.00574359,62.8284,59.0558,1.6657099999999998,42.2339,53.6155,5.7995,spectrum_186.png,halo_186.png,halo_ratio_186.png,halo_ratio_zoom_186.png,halo_abs_186.png,halo_diff_186.png
SZ,0.00576923076923077,SZ_x__abs0.0057692307692307696,0.00576922,0.00576922,63.5161,59.8185,1.66268,45.0034,54.0918,5.8038300000000005,spectrum_187.png,halo_187.png,halo_ratio_187.png,halo_ratio_zoom_187.png,halo_abs_187.png,halo_diff_187.png
SZ,0.005794871794871795,SZ_x__abs0.005794871794871795,0.00579487,0.00579487,53.8857,60.3264,1.64877,44.8746,54.3281,5.80766,spectrum_188.png,halo_188.png,halo_ratio_188.png,halo_ratio_zoom_188.png,halo_abs_188.png,halo_diff_188.png
SZ,0.005820512820512821,SZ_x__abs0.005820512820512821,0.00582028,0.00582028,62.5121,59.3699,1.69297,45.0942,53.6326,5.81922,spectrum_189.png,halo_189.png,halo_ratio_189.png,halo_ratio_zoom_189.png,halo_abs_189.png,halo_diff_189.png
SZ,0.005846153846153846,SZ_x__abs0.005846153846153846,0.00584614,0.00584614,61.1057,59.1406,1.70985,44.3284,53.2021,5.8297,spectrum_190.png,halo_190.png,halo_ratio_190.png,halo_ratio_zoom_190.png,halo_abs_190.png,halo_diff_190.png
SZ,0.005871794871794872,SZ_x__abs0.005871794871794872,0.00587179,0.00587179,62.3333,59.7637,1.6207799999999999,42.0511,53.331,5.8157,spectrum_191.png,halo_191.png,halo_ratio_191.png,halo_ratio_zoom_191.png,halo_abs_191.png,halo_diff_191.png
SZ,0.005897435897435898,SZ_x__abs0.005897435897435898,0.00589743,0.00589743,62.6073,60.0079,1.6342700000000001,45.9571,52.9366,5.82418,spectrum_192.png,halo_192.png,halo_ratio_192.png,halo_ratio_zoom_192.png,halo_abs_192.png,halo_diff_192.png
SZ,0.005923076923076922,SZ_x__abs0.005923076923076923,0.00592307,0.00592307,63.3174,59.2514,1.63801,44.3283,53.4672,5.83045,spectrum_193.png,halo_193.png,halo_ratio_193.png,halo_ratio_zoom_193.png,halo_abs_193.png,halo_diff_193.png
SZ,0.005948717948717949,SZ_x__abs0.005948717948717949,0.00594871,0.00594871,62.6623,59.0494,1.6047200000000001,46.8723,54.7549,5.83099,spectrum_194.png,halo_194.png,halo_ratio_194.png,halo_ratio_zoom_194.png,halo_abs_194.png,halo_diff_194.png
SZ,0.005974358974358975,SZ_x__abs0.0059743589743589745,0.00597435,0.00597435,62.8748,60.141999999999996,1.65767,45.9637,54.0987,5.8411599999999995,spectrum_195.png,halo_195.png,halo_ratio_195.png,halo_ratio_zoom_195.png,halo_abs_195.png,halo_diff_195.png
SZ,0.006,SZ_x__abs0.006,0.006,0.006,60.8789,62.5885,1.62475,49.2093,54.8252,5.846480000000001,spectrum_196.png,halo_196.png,halo_ratio_196.png,halo_ratio_zoom_196.png,halo_abs_196.png,halo_diff_196.png
SZ,0.006025641025641026,SZ_x__abs0.006025641025641026,0.00602561,0.00602561,61.8663,60.6859,1.60754,48.3049,55.42,5.83295,spectrum_197.png,halo_197.png,halo_ratio_197.png,halo_ratio_zoom_197.png,halo_abs_197.png,halo_diff_197.png
SZ,0.0060512820512820505,SZ_x__abs0.006051282051282051,0.00605128,0.00605128,64.2561,60.2445,1.57199,47.0491,55.4374,5.84175,spectrum_198.png,halo_198.png,halo_ratio_198.png,halo_ratio_zoom_198.png,halo_abs_198.png,halo_diff_198.png
SZ,0.006076923076923077,SZ_x__abs0.006076923076923077,0.00607692,0.00607692,64.4292,61.2805,1.6049,48.1149,55.0036,5.85133,spectrum_199.png,halo_199.png,halo_ratio_199.png,halo_ratio_zoom_199.png,halo_abs_199.png,halo_diff_199.png
SZ,0.0061025641025641035,SZ_x__abs0.006102564102564103,0.00610256,0.00610256,63.35,60.6936,1.61874,47.2654,55.8942,5.8376,spectrum_200.png,halo_200.png,halo_ratio_200.png,halo_ratio_zoom_200.png,halo_abs_200.png,halo_diff_200.png
SZ,0.006128205128205128,SZ_x__abs0.006128205128205128,0.00612819,0.00612819,63.5149,60.8435,1.5962399999999999,48.4334,56.0317,5.847169999999999,spectrum_201.png,halo_201.png,halo_ratio_201.png,halo_ratio_zoom_201.png,halo_abs_201.png,halo_diff_201.png
SZ,0.006153846153846154,SZ_x__abs0.006153846153846154,0.00615384,0.00615384,64.1935,61.0092,1.57518,47.9583,55.8532,5.85867,spectrum_202.png,halo_202.png,halo_ratio_202.png,halo_ratio_zoom_202.png,halo_abs_202.png,halo_diff_202.png
SZ,0.0061794871794871795,SZ_x__abs0.0061794871794871795,0.00617948,0.00617948,63.7689,60.5538,1.61525,47.5699,55.6414,5.85042,spectrum_203.png,halo_203.png,halo_ratio_203.png,halo_ratio_zoom_203.png,halo_abs_203.png,halo_diff_203.png
SZ,0.006205128205128205,SZ_x__abs0.006205128205128205,0.00620513,0.00620513,62.6332,60.3662,1.61022,46.8604,55.8681,5.86643,spectrum_204.png,halo_204.png,halo_ratio_204.png,halo_ratio_zoom_204.png,halo_abs_204.png,halo_diff_204.png
SZ,0.0062307692307692316,SZ_x__abs0.006230769230769231,0.00623076,0.00623076,63.5549,61.2951,1.6892200000000002,45.897,55.7734,5.87384,spectrum_205.png,halo_205.png,halo_ratio_205.png,halo_ratio_zoom_205.png,halo_abs_205.png,halo_diff_205.png
SZ,0.006256410256410256,SZ_x__abs0.006256410256410256,0.00625641,0.00625641,63.7185,60.8815,1.6022,47.1657,56.5043,5.877669999999999,spectrum_206.png,halo_206.png,halo_ratio_206.png,halo_ratio_zoom_206.png,halo_abs_206.png,halo_diff_206.png
SZ,0.006282051282051282,SZ_x__abs0.006282051282051282,0.00628203,0.00628203,63.8574,61.5487,1.56851,46.7416,55.9105,5.87873,spectrum_207.png,halo_207.png,halo_ratio_207.png,halo_ratio_zoom_207.png,halo_abs_207.png,halo_diff_207.png
SZ,0.0063076923076923076,SZ_x__abs0.0063076923076923076,0.00630769,0.00630769,61.7881,61.7461,1.6047799999999999,47.5703,55.858000000000004,5.89116,spectrum_208.png,halo_208.png,halo_ratio_208.png,halo_ratio_zoom_208.png,halo_abs_208.png,halo_diff_208.png
SZ,0.006333333333333333,SZ_x__abs0.006333333333333333,0.00633333,0.00633333,63.6811,61.9192,1.59867,47.8838,55.7791,5.9008400000000005,spectrum_209.png,halo_209.png,halo_ratio_209.png,halo_ratio_zoom_209.png,halo_abs_209.png,halo_diff_209.png
SZ,0.00635897435897436,SZ_x__abs0.006358974358974359,0.00635897,0.00635897,63.8687,61.4975,1.5965799999999999,47.1717,55.2624,5.89954,spectrum_210.png,halo_210.png,halo_ratio_210.png,halo_ratio_zoom_210.png,halo_abs_210.png,halo_diff_210.png
SZ,0.006384615384615384,SZ_x__abs0.006384615384615384,0.00638461,0.00638461,55.2522,61.6496,1.6052600000000001,48.4621,55.8962,5.91305,spectrum_211.png,halo_211.png,halo_ratio_211.png,halo_ratio_zoom_211.png,halo_abs_211.png,halo_diff_211.png
SZ,0.00641025641025641,SZ_x__abs0.00641025641025641,0.00641024,0.00641024,63.8277,61.2421,1.6470599999999997,46.9132,55.5334,5.91899,spectrum_212.png,halo_212.png,halo_ratio_212.png,halo_ratio_zoom_212.png,halo_abs_212.png,halo_diff_212.png
SZ,0.006435897435897436,SZ_x__abs0.006435897435897436,0.00643589,0.00643589,63.7374,62.3728,1.65252,46.0179,56.3917,5.9150599999999995,spectrum_213.png,halo_213.png,halo_ratio_213.png,halo_ratio_zoom_213.png,halo_abs_213.png,halo_diff_213.png
SZ,0.006461538461538461,SZ_x__abs0.006461538461538461,0.00646153,0.00646153,63.8727,61.9475,1.6502400000000002,45.7142,54.7555,5.93422,spectrum_214.png,halo_214.png,halo_ratio_214.png,halo_ratio_zoom_214.png,halo_abs_214.png,halo_diff_214.png
SZ,0.006487179487179487,SZ_x__abs0.006487179487179487,0.00648718,0.00648718,63.7566,61.6277,1.62165,45.0026,56.1398,5.94594,spectrum_215.png,halo_215.png,halo_ratio_215.png,halo_ratio_zoom_215.png,halo_abs_215.png,halo_diff_215.png
SZ,0.006512820512820513,SZ_x__abs0.0065128205128205125,0.00651281,0.00651281,54.6454,61.7138,1.73239,44.1756,55.0175,5.94091,spectrum_216.png,halo_216.png,halo_ratio_216.png,halo_ratio_zoom_216.png,halo_abs_216.png,halo_diff_216.png
SZ,0.006538461538461539,SZ_x__abs0.006538461538461539,0.00653845,0.00653845,63.5673,61.6817,1.60636,44.2077,56.2475,5.96065,spectrum_217.png,halo_217.png,halo_ratio_217.png,halo_ratio_zoom_217.png,halo_abs_217.png,halo_diff_217.png
SZ,0.006564102564102565,SZ_x__abs0.006564102564102565,0.006564100000000001,0.006564100000000001,63.5349,62.0369,1.59055,45.2803,56.4943,5.9646300000000005,spectrum_218.png,halo_218.png,halo_ratio_218.png,halo_ratio_zoom_218.png,halo_abs_218.png,halo_diff_218.png
SZ,0.00658974358974359,SZ_x__abs0.00658974358974359,0.00658974,0.00658974,55.2841,62.453,1.6639099999999998,45.0477,56.4343,5.9665300000000006,spectrum_219.png,halo_219.png,halo_ratio_219.png,halo_ratio_zoom_219.png,halo_abs_219.png,halo_diff_219.png
SZ,0.006615384615384616,SZ_x__abs0.006615384615384616,0.00661537,0.00661537,63.321000000000005,62.1454,1.7180900000000001,45.5338,56.7225,5.980980000000001,spectrum_220.png,halo_220.png,halo_ratio_220.png,halo_ratio_zoom_220.png,halo_abs_220.png,halo_diff_220.png
SZ,0.006641025641025642,SZ_x__abs0.0066410256410256415,0.00664102,0.00664102,60.9106,62.5468,1.7183700000000002,45.8604,56.4697,5.98672,spectrum_221.png,halo_221.png,halo_ratio_221.png,halo_ratio_zoom_221.png,halo_abs_221.png,halo_diff_221.png
SZ,0.006666666666666667,SZ_x__abs0.006666666666666667,0.00666666,0.00666666,63.2753,62.1907,1.70219,45.543,57.6607,5.97876,spectrum_222.png,halo_222.png,halo_ratio_222.png,halo_ratio_zoom_222.png,halo_abs_222.png,halo_diff_222.png
SZ,0.006692307692307693,SZ_x__abs0.006692307692307693,0.00669229,0.00669229,61.6164,62.247,1.6072899999999999,44.2925,56.8253,5.99391,spectrum_223.png,halo_223.png,halo_ratio_223.png,halo_ratio_zoom_223.png,halo_abs_223.png,halo_diff_223.png
SZ,0.006717948717948718,SZ_x__abs0.006717948717948718,0.00671793,0.00671793,54.5867,62.5072,1.6854900000000002,45.2824,57.3375,6.01051,spectrum_224.png,halo_224.png,halo_ratio_224.png,halo_ratio_zoom_224.png,halo_abs_224.png,halo_diff_224.png
SZ,0.006743589743589744,SZ_x__abs0.006743589743589744,0.00674358,0.00674358,54.4768,61.8152,1.6834900000000002,43.5144,55.8182,6.00298,spectrum_225.png,halo_225.png,halo_ratio_225.png,halo_ratio_zoom_225.png,halo_abs_225.png,halo_diff_225.png
SZ,0.0067692307692307704,SZ_x__abs0.00676923076923077,0.00676923,0.00676923,63.5723,62.458999999999996,1.6736,45.4809,56.7193,6.0172099999999995,spectrum_226.png,halo_226.png,halo_ratio_226.png,halo_ratio_zoom_226.png,halo_abs_226.png,halo_diff_226.png
SZ,0.006794871794871795,SZ_x__abs0.006794871794871795,0.00679487,0.00679487,55.7922,62.54600000000001,1.6217,44.1288,56.1529,6.0332,spectrum_227.png,halo_227.png,halo_ratio_227.png,halo_ratio_zoom_227.png,halo_abs_227.png,halo_diff_227.png
SZ,0.006820512820512821,SZ_x__abs0.006820512820512821,0.00682051,0.00682051,55.1029,61.8497,1.65877,44.458999999999996,56.7958,6.0226,spectrum_228.png,halo_228.png,halo_ratio_228.png,halo_ratio_zoom_228.png,halo_abs_228.png,halo_diff_228.png
SZ,0.006846153846153846,SZ_x__abs0.006846153846153846,0.00684615,0.00684615,62.7834,62.5653,1.59771,44.056999999999995,55.4428,6.0479199999999995,spectrum_229.png,halo_229.png,halo_ratio_229.png,halo_ratio_zoom_229.png,halo_abs_229.png,halo_diff_229.png
SZ,0.006871794871794872,SZ_x__abs0.006871794871794872,0.00687179,0.00687179,63.8977,62.2022,1.6827,43.7673,56.2141,6.05032,spectrum_230.png,halo_230.png,halo_ratio_230.png,halo_ratio_zoom_230.png,halo_abs_230.png,halo_diff_230.png
SZ,0.006897435897435898,SZ_x__abs0.006897435897435898,0.00689743,0.00689743,62.8328,62.2893,1.58598,45.568000000000005,55.3628,6.06554,spectrum_231.png,halo_231.png,halo_ratio_231.png,halo_ratio_zoom_231.png,halo_abs_231.png,halo_diff_231.png
SZ,0.006923076923076922,SZ_x__abs0.006923076923076923,0.00692306,0.00692306,62.8555,62.1259,1.5974,44.9979,57.3638,6.06285,spectrum_232.png,halo_232.png,halo_ratio_232.png,halo_ratio_zoom_232.png,halo_abs_232.png,halo_diff_232.png
SZ,0.006948717948717949,SZ_x__abs0.006948717948717949,0.00694872,0.00694872,62.5998,62.5898,1.59332,44.2022,56.3301,6.07685,spectrum_233.png,halo_233.png,halo_ratio_233.png,halo_ratio_zoom_233.png,halo_abs_233.png,halo_diff_233.png
SZ,0.006974358974358975,SZ_x__abs0.0069743589743589745,0.00697435,0.00697435,63.8662,62.8373,1.62761,46.2171,56.2084,6.08632,spectrum_234.png,halo_234.png,halo_ratio_234.png,halo_ratio_zoom_234.png,halo_abs_234.png,halo_diff_234.png
SZ,0.006999999999999999,SZ_x__abs0.007,0.00699998,0.00699998,61.3792,63.0151,1.6110799999999998,48.1505,57.5674,6.08378,spectrum_235.png,halo_235.png,halo_ratio_235.png,halo_ratio_zoom_235.png,halo_abs_235.png,halo_diff_235.png
SZ,0.007025641025641026,SZ_x__abs0.007025641025641026,0.00702564,0.00702564,64.0214,62.876000000000005,1.56999,48.6919,58.1442,6.09612,spectrum_236.png,halo_236.png,halo_ratio_236.png,halo_ratio_zoom_236.png,halo_abs_236.png,halo_diff_236.png
SZ,0.007051282051282051,SZ_x__abs0.007051282051282051,0.00705127,0.00705127,62.6713,63.8231,1.57766,46.3833,58.0665,6.10582,spectrum_237.png,halo_237.png,halo_ratio_237.png,halo_ratio_zoom_237.png,halo_abs_237.png,halo_diff_237.png
SZ,0.007076923076923076,SZ_x__abs0.007076923076923077,0.00707692,0.00707692,64.4009,63.6721,1.55584,47.3467,59.1783,6.10236,spectrum_238.png,halo_238.png,halo_ratio_238.png,halo_ratio_zoom_238.png,halo_abs_238.png,halo_diff_238.png
SZ,0.0071025641025641035,SZ_x__abs0.007102564102564103,0.00710255,0.00710255,64.759,64.0859,1.62283,48.0902,58.5807,6.11359,spectrum_239.png,halo_239.png,halo_ratio_239.png,halo_ratio_zoom_239.png,halo_abs_239.png,halo_diff_239.png
SZ,0.007128205128205128,SZ_x__abs0.007128205128205128,0.00712819,0.00712819,64.8482,63.5499,1.5782100000000001,50.0152,58.3321,6.12594,spectrum_240.png,halo_240.png,halo_ratio_240.png,halo_ratio_zoom_240.png,halo_abs_240.png,halo_diff_240.png
SZ,0.007153846153846155,SZ_x__abs0.007153846153846154,0.00715384,0.00715384,64.6969,63.9907,1.58938,48.4825,57.7554,6.11995,spectrum_241.png,halo_241.png,halo_ratio_241.png,halo_ratio_zoom_241.png,halo_abs_241.png,halo_diff_241.png
SZ,0.0071794871794871795,SZ_x__abs0.0071794871794871795,0.00717948,0.00717948,64.5479,63.3064,1.57036,47.9297,57.7231,6.1392,spectrum_242.png,halo_242.png,halo_ratio_242.png,halo_ratio_zoom_242.png,halo_abs_242.png,halo_diff_242.png
SZ,0.007205128205128205,SZ_x__abs0.007205128205128205,0.00720511,0.00720511,64.6638,64.0388,1.59388,48.5786,58.6942,6.15015,spectrum_243.png,halo_243.png,halo_ratio_243.png,halo_ratio_zoom_243.png,halo_abs_243.png,halo_diff_243.png
SZ,0.007230769230769232,SZ_x__abs0.007230769230769231,0.00723076,0.00723076,62.7583,64.1171,1.57835,48.5554,58.4125,6.1392,spectrum_244.png,halo_244.png,halo_ratio_244.png,halo_ratio_zoom_244.png,halo_abs_244.png,halo_diff_244.png
SZ,0.007256410256410256,SZ_x__abs0.007256410256410256,0.0072564,0.0072564,64.6994,64.2042,1.57607,47.1006,57.8149,6.1572,spectrum_245.png,halo_245.png,halo_ratio_245.png,halo_ratio_zoom_245.png,halo_abs_245.png,halo_diff_245.png
SZ,0.007282051282051281,SZ_x__abs0.007282051282051282,0.00728205,0.00728205,62.8931,63.6739,1.54761,48.9492,58.5181,6.160159999999999,spectrum_246.png,halo_246.png,halo_ratio_246.png,halo_ratio_zoom_246.png,halo_abs_246.png,halo_diff_246.png
SZ,0.007307692307692308,SZ_x__abs0.007307692307692308,0.00730769,0.00730769,63.2085,63.6097,1.5762200000000002,47.6375,58.835,6.153630000000001,spectrum_247.png,halo_247.png,halo_ratio_247.png,halo_ratio_zoom_247.png,halo_abs_247.png,halo_diff_247.png
SZ,0.007333333333333333,SZ_x__abs0.007333333333333333,0.00733332,0.00733332,62.4623,65.6289,1.56233,47.0057,58.4519,6.176830000000001,spectrum_248.png,halo_248.png,halo_ratio_248.png,halo_ratio_zoom_248.png,halo_abs_248.png,halo_diff_248.png
SZ,0.00735897435897436,SZ_x__abs0.007358974358974359,0.00735897,0.00735897,62.6415,63.7491,1.5479100000000001,47.8766,58.6492,6.17818,spectrum_249.png,halo_249.png,halo_ratio_249.png,halo_ratio_zoom_249.png,halo_abs_249.png,halo_diff_249.png
SZ,0.0073846153846153844,SZ_x__abs0.0073846153846153844,0.00738461,0.00738461,64.4686,64.6039,1.59725,49.1926,59.2957,6.174980000000001,spectrum_250.png,halo_250.png,halo_ratio_250.png,halo_ratio_zoom_250.png,halo_abs_250.png,halo_diff_250.png
SZ,0.007410256410256409,SZ_x__abs0.00741025641025641,0.00741025,0.00741025,64.6355,64.1674,1.61789,48.0895,57.5911,6.19684,spectrum_251.png,halo_251.png,halo_ratio_251.png,halo_ratio_zoom_251.png,halo_abs_251.png,halo_diff_251.png
SZ,0.007435897435897436,SZ_x__abs0.007435897435897436,0.00743589,0.00743589,64.9814,64.6174,1.6390099999999999,46.255,58.106,6.20711,spectrum_252.png,halo_252.png,halo_ratio_252.png,halo_ratio_zoom_252.png,halo_abs_252.png,halo_diff_252.png
SZ,0.007461538461538462,SZ_x__abs0.007461538461538462,0.00746154,0.00746154,64.2802,65.0833,1.59751,46.8348,57.2916,6.19929,spectrum_253.png,halo_253.png,halo_ratio_253.png,halo_ratio_zoom_253.png,halo_abs_253.png,halo_diff_253.png
SZ,0.007487179487179488,SZ_x__abs0.007487179487179488,0.00748718,0.00748718,64.2964,64.7481,1.60053,47.426,55.3026,6.20406,spectrum_254.png,halo_254.png,halo_ratio_254.png,halo_ratio_zoom_254.png,halo_abs_254.png,halo_diff_254.png
SZ,0.0075128205128205125,SZ_x__abs0.007512820512820513,0.00751282,0.00751282,64.2188,64.7325,1.66592,43.2529,59.1694,6.22415,spectrum_255.png,halo_255.png,halo_ratio_255.png,halo_ratio_zoom_255.png,halo_abs_255.png,halo_diff_255.png
SZ,0.007538461538461539,SZ_x__abs0.007538461538461539,0.00753844,0.00753844,63.9656,64.7513,1.63415,43.6206,58.4582,6.22502,spectrum_256.png,halo_256.png,halo_ratio_256.png,halo_ratio_zoom_256.png,halo_abs_256.png,halo_diff_256.png
SZ,0.0075641025641025655,SZ_x__abs0.007564102564102565,0.007564100000000001,0.007564100000000001,64.1167,65.0856,1.63189,43.6855,58.8168,6.2320199999999994,spectrum_257.png,halo_257.png,halo_ratio_257.png,halo_ratio_zoom_257.png,halo_abs_257.png,halo_diff_257.png
SZ,0.00758974358974359,SZ_x__abs0.00758974358974359,0.00758973,0.00758973,61.9323,64.8073,1.61732,44.8292,59.4538,6.2420599999999995,spectrum_258.png,halo_258.png,halo_ratio_258.png,halo_ratio_zoom_258.png,halo_abs_258.png,halo_diff_258.png
SZ,0.007615384615384616,SZ_x__abs0.007615384615384616,0.00761538,0.00761538,61.9545,64.7885,1.55467,43.7215,58.3192,6.25288,spectrum_259.png,halo_259.png,halo_ratio_259.png,halo_ratio_zoom_259.png,halo_abs_259.png,halo_diff_259.png
SZ,0.007641025641025642,SZ_x__abs0.0076410256410256415,0.00764102,0.00764102,64.4797,65.4356,1.5946799999999999,45.4969,58.3674,6.25676,spectrum_260.png,halo_260.png,halo_ratio_260.png,halo_ratio_zoom_260.png,halo_abs_260.png,halo_diff_260.png
SZ,0.007666666666666667,SZ_x__abs0.007666666666666667,0.00766666,0.00766666,64.0089,64.9001,1.61858,45.4483,58.9926,6.26238,spectrum_261.png,halo_261.png,halo_ratio_261.png,halo_ratio_zoom_261.png,halo_abs_261.png,halo_diff_261.png
SZ,0.007692307692307694,SZ_x__abs0.007692307692307693,0.00769231,0.00769231,64.0502,65.1425,1.69477,45.0288,59.2484,6.27289,spectrum_262.png,halo_262.png,halo_ratio_262.png,halo_ratio_zoom_262.png,halo_abs_262.png,halo_diff_262.png
SZ,0.007717948717948718,SZ_x__abs0.007717948717948718,0.00771794,0.00771794,55.7204,64.6635,1.58275,45.1392,58.6881,6.27259,spectrum_263.png,halo_263.png,halo_ratio_263.png,halo_ratio_zoom_263.png,halo_abs_263.png,halo_diff_263.png
SZ,0.007743589743589744,SZ_x__abs0.007743589743589744,0.00774358,0.00774358,56.256,65.2842,1.71832,46.2407,58.4044,6.28189,spectrum_264.png,halo_264.png,halo_ratio_264.png,halo_ratio_zoom_264.png,halo_abs_264.png,halo_diff_264.png
SZ,0.0077692307692307705,SZ_x__abs0.00776923076923077,0.00776923,0.00776923,63.9946,65.6695,1.66715,44.9266,58.1069,6.2956199999999995,spectrum_265.png,halo_265.png,halo_ratio_265.png,halo_ratio_zoom_265.png,halo_abs_265.png,halo_diff_265.png
SZ,0.007794871794871795,SZ_x__abs0.007794871794871795,0.00779486,0.00779486,57.0954,65.4552,1.6812599999999998,45.4277,56.9808,6.28136,spectrum_266.png,halo_266.png,halo_ratio_266.png,halo_ratio_zoom_266.png,halo_abs_266.png,halo_diff_266.png
SZ,0.00782051282051282,SZ_x__abs0.00782051282051282,0.0078205,0.0078205,62.5774,65.4135,1.60249,44.5239,58.2307,6.30085,spectrum_267.png,halo_267.png,halo_ratio_267.png,halo_ratio_zoom_267.png,halo_abs_267.png,halo_diff_267.png
SZ,0.007846153846153845,SZ_x__abs0.007846153846153846,0.00784615,0.00784615,64.2337,64.8201,1.61331,44.0822,58.8832,6.309880000000001,spectrum_268.png,halo_268.png,halo_ratio_268.png,halo_ratio_zoom_268.png,halo_abs_268.png,halo_diff_268.png
SZ,0.007871794871794872,SZ_x__abs0.007871794871794872,0.00787179,0.00787179,63.8958,64.6252,1.60931,45.7121,58.1043,6.306830000000001,spectrum_269.png,halo_269.png,halo_ratio_269.png,halo_ratio_zoom_269.png,halo_abs_269.png,halo_diff_269.png
SZ,0.007897435897435898,SZ_x__abs0.007897435897435898,0.00789742,0.00789742,55.4068,65.4012,1.6462299999999999,43.018,58.0556,6.32188,spectrum_270.png,halo_270.png,halo_ratio_270.png,halo_ratio_zoom_270.png,halo_abs_270.png,halo_diff_270.png
SZ,0.007923076923076923,SZ_x__abs0.007923076923076923,0.00792307,0.00792307,64.2232,64.0794,1.5911799999999998,45.5295,58.8985,6.32216,spectrum_271.png,halo_271.png,halo_ratio_271.png,halo_ratio_zoom_271.png,halo_abs_271.png,halo_diff_271.png
SZ,0.007948717948717949,SZ_x__abs0.007948717948717949,0.0079487,0.0079487,63.4806,64.8062,1.6173799999999998,47.8416,58.1155,6.3235,spectrum_272.png,halo_272.png,halo_ratio_272.png,halo_ratio_zoom_272.png,halo_abs_272.png,halo_diff_272.png
SZ,0.007974358974358975,SZ_x__abs0.007974358974358975,0.00797436,0.00797436,60.9617,65.6438,1.6103100000000001,45.9769,58.363,6.33502,spectrum_273.png,halo_273.png,halo_ratio_273.png,halo_ratio_zoom_273.png,halo_abs_273.png,halo_diff_273.png
SZ,0.008,SZ_x__abs0.008,0.00799999,0.00799999,62.6222,66.7993,1.6601599999999999,49.3661,60.187,6.33437,spectrum_274.png,halo_274.png,halo_ratio_274.png,halo_ratio_zoom_274.png,halo_abs_274.png,halo_diff_274.png
SZ,0.008025641025641026,SZ_x__abs0.008025641025641026,0.00802562,0.00802562,65.1778,65.8314,1.5996299999999999,48.306999999999995,60.5017,6.33108,spectrum_275.png,halo_275.png,halo_ratio_275.png,halo_ratio_zoom_275.png,halo_abs_275.png,halo_diff_275.png
SZ,0.008051282051282051,SZ_x__abs0.008051282051282051,0.00805128,0.00805128,65.2875,66.256,1.55833,49.0484,60.8406,6.34946,spectrum_276.png,halo_276.png,halo_ratio_276.png,halo_ratio_zoom_276.png,halo_abs_276.png,halo_diff_276.png
SZ,0.008076923076923077,SZ_x__abs0.008076923076923077,0.00807692,0.00807692,65.1971,66.5601,1.58097,50.4938,60.2555,6.36324,spectrum_277.png,halo_277.png,halo_ratio_277.png,halo_ratio_zoom_277.png,halo_abs_277.png,halo_diff_277.png
SZ,0.008102564102564103,SZ_x__abs0.008102564102564103,0.00810255,0.00810255,65.4239,66.3974,1.5665799999999999,51.3677,60.9745,6.3651,spectrum_278.png,halo_278.png,halo_ratio_278.png,halo_ratio_zoom_278.png,halo_abs_278.png,halo_diff_278.png
SZ,0.008128205128205128,SZ_x__abs0.008128205128205128,0.0081282,0.0081282,65.3989,65.7745,1.53582,48.4383,60.6143,6.366569999999999,spectrum_279.png,halo_279.png,halo_ratio_279.png,halo_ratio_zoom_279.png,halo_abs_279.png,halo_diff_279.png
SZ,0.008153846153846154,SZ_x__abs0.008153846153846154,0.00815384,0.00815384,65.4636,66.8905,1.55964,49.6989,61.5372,6.3730400000000005,spectrum_280.png,halo_280.png,halo_ratio_280.png,halo_ratio_zoom_280.png,halo_abs_280.png,halo_diff_280.png
SZ,0.00817948717948718,SZ_x__abs0.00817948717948718,0.00817949,0.00817949,65.3824,67.0305,1.56267,48.4021,61.3416,6.376869999999999,spectrum_281.png,halo_281.png,halo_ratio_281.png,halo_ratio_zoom_281.png,halo_abs_281.png,halo_diff_281.png
SZ,0.008205128205128205,SZ_x__abs0.008205128205128205,0.00820512,0.00820512,65.3757,67.1982,1.5475700000000001,48.5229,61.0445,6.379659999999999,spectrum_282.png,halo_282.png,halo_ratio_282.png,halo_ratio_zoom_282.png,halo_abs_282.png,halo_diff_282.png
SZ,0.008230769230769229,SZ_x__abs0.00823076923076923,0.00823075,0.00823075,65.3091,66.1054,1.5492700000000001,46.5524,59.8579,6.39018,spectrum_283.png,halo_283.png,halo_ratio_283.png,halo_ratio_zoom_283.png,halo_abs_283.png,halo_diff_283.png
SZ,0.008256410256410256,SZ_x__abs0.008256410256410256,0.00825641,0.00825641,63.9775,66.7702,1.57866,49.5731,60.8817,6.40106,spectrum_284.png,halo_284.png,halo_ratio_284.png,halo_ratio_zoom_284.png,halo_abs_284.png,halo_diff_284.png
SZ,0.008282051282051282,SZ_x__abs0.008282051282051282,0.00828204,0.00828204,56.0389,66.7775,1.5658100000000001,46.2034,61.028,6.39277,spectrum_285.png,halo_285.png,halo_ratio_285.png,halo_ratio_zoom_285.png,halo_abs_285.png,halo_diff_285.png
SZ,0.008307692307692308,SZ_x__abs0.008307692307692308,0.00830769,0.00830769,65.2252,66.8711,1.59594,47.1943,60.8583,6.40184,spectrum_286.png,halo_286.png,halo_ratio_286.png,halo_ratio_zoom_286.png,halo_abs_286.png,halo_diff_286.png
SZ,0.008333333333333333,SZ_x__abs0.008333333333333333,0.00833333,0.00833333,65.4548,66.9338,1.51439,49.1932,61.7239,6.4131599999999995,spectrum_287.png,halo_287.png,halo_ratio_287.png,halo_ratio_zoom_287.png,halo_abs_287.png,halo_diff_287.png
SZ,0.008358974358974359,SZ_x__abs0.008358974358974359,0.00835897,0.00835897,64.8617,66.6473,1.55535,46.8831,61.4613,6.41651,spectrum_288.png,halo_288.png,halo_ratio_288.png,halo_ratio_zoom_288.png,halo_abs_288.png,halo_diff_288.png
SZ,0.008384615384615384,SZ_x__abs0.008384615384615384,0.0083846,0.0083846,64.9127,66.7288,1.51593,48.283,61.7184,6.42224,spectrum_289.png,halo_289.png,halo_ratio_289.png,halo_ratio_zoom_289.png,halo_abs_289.png,halo_diff_289.png
SZ,0.00841025641025641,SZ_x__abs0.00841025641025641,0.00841025,0.00841025,64.9027,67.8626,1.61087,49.7352,59.3848,6.43006,spectrum_290.png,halo_290.png,halo_ratio_290.png,halo_ratio_zoom_290.png,halo_abs_290.png,halo_diff_290.png
SZ,0.008435897435897436,SZ_x__abs0.008435897435897436,0.00843589,0.00843589,64.2353,66.4336,1.62579,46.8055,61.2908,6.432840000000001,spectrum_291.png,halo_291.png,halo_ratio_291.png,halo_ratio_zoom_291.png,halo_abs_291.png,halo_diff_291.png
SZ,0.008461538461538461,SZ_x__abs0.008461538461538461,0.00846153,0.00846153,63.144,67.5403,1.54948,47.6078,59.1676,6.44177,spectrum_292.png,halo_292.png,halo_ratio_292.png,halo_ratio_zoom_292.png,halo_abs_292.png,halo_diff_292.png
SZ,0.008487179487179487,SZ_x__abs0.008487179487179487,0.00848716,0.00848716,64.7646,66.9991,1.60067,45.788000000000004,59.2747,6.44871,spectrum_293.png,halo_293.png,halo_ratio_293.png,halo_ratio_zoom_293.png,halo_abs_293.png,halo_diff_293.png
SZ,0.008512820512820513,SZ_x__abs0.008512820512820513,0.00851282,0.00851282,62.6312,66.6452,1.62729,42.5272,61.5327,6.44022,spectrum_294.png,halo_294.png,halo_ratio_294.png,halo_ratio_zoom_294.png,halo_abs_294.png,halo_diff_294.png
SZ,0.008538461538461538,SZ_x__abs0.008538461538461538,0.00853845,0.00853845,54.8151,67.28699999999999,1.6854,44.8542,60.3759,6.4497599999999995,spectrum_295.png,halo_295.png,halo_ratio_295.png,halo_ratio_zoom_295.png,halo_abs_295.png,halo_diff_295.png
SZ,0.008564102564102564,SZ_x__abs0.008564102564102564,0.0085641,0.0085641,64.6693,67.648,1.65593,43.988,61.794,6.46833,spectrum_296.png,halo_296.png,halo_ratio_296.png,halo_ratio_zoom_296.png,halo_abs_296.png,halo_diff_296.png
SZ,0.008589743589743591,SZ_x__abs0.00858974358974359,0.00858973,0.00858973,64.6232,67.7348,1.6153899999999999,44.9459,59.8757,6.45221,spectrum_297.png,halo_297.png,halo_ratio_297.png,halo_ratio_zoom_297.png,halo_abs_297.png,halo_diff_297.png
SZ,0.008615384615384615,SZ_x__abs0.008615384615384615,0.00861538,0.00861538,63.8492,67.0653,1.62695,45.1304,60.424,6.47405,spectrum_298.png,halo_298.png,halo_ratio_298.png,halo_ratio_zoom_298.png,halo_abs_298.png,halo_diff_298.png
SZ,0.00864102564102564,SZ_x__abs0.00864102564102564,0.008641,0.008641,64.5954,67.0524,1.57736,45.2467,60.8897,6.47741,spectrum_299.png,halo_299.png,halo_ratio_299.png,halo_ratio_zoom_299.png,halo_abs_299.png,halo_diff_299.png
SZ,0.008666666666666666,SZ_x__abs0.008666666666666666,0.00866666,0.00866666,64.1321,67.2766,1.63078,45.1891,61.6389,6.48424,spectrum_300.png,halo_300.png,halo_ratio_300.png,halo_ratio_zoom_300.png,halo_abs_300.png,halo_diff_300.png
SZ,0.008692307692307692,SZ_x__abs0.008692307692307692,0.00869229,0.00869229,55.3593,67.3249,1.59845,44.1735,62.1087,6.48923,spectrum_301.png,halo_301.png,halo_ratio_301.png,halo_ratio_zoom_301.png,halo_abs_301.png,halo_diff_301.png
SZ,0.00871794871794872,SZ_x__abs0.008717948717948718,0.00871795,0.00871795,64.939,68.3057,1.58597,45.5813,61.1675,6.50413,spectrum_302.png,halo_302.png,halo_ratio_302.png,halo_ratio_zoom_302.png,halo_abs_302.png,halo_diff_302.png
SZ,0.008743589743589743,SZ_x__abs0.008743589743589743,0.00874358,0.00874358,64.4223,67.6404,1.59365,44.5385,61.2281,6.50523,spectrum_303.png,halo_303.png,halo_ratio_303.png,halo_ratio_zoom_303.png,halo_abs_303.png,halo_diff_303.png
SZ,0.008769230769230769,SZ_x__abs0.008769230769230769,0.00876921,0.00876921,64.5439,67.8054,1.58487,44.7905,61.2707,6.50871,spectrum_304.png,halo_304.png,halo_ratio_304.png,halo_ratio_zoom_304.png,halo_abs_304.png,halo_diff_304.png
SZ,0.008794871794871794,SZ_x__abs0.008794871794871794,0.00879487,0.00879487,56.6154,67.5332,1.59827,46.6513,60.8455,6.5210300000000005,spectrum_305.png,halo_305.png,halo_ratio_305.png,halo_ratio_zoom_305.png,halo_abs_305.png,halo_diff_305.png
SZ,0.00882051282051282,SZ_x__abs0.00882051282051282,0.0088205,0.0088205,63.143,67.0275,1.6324299999999998,45.5937,60.4627,6.524290000000001,spectrum_306.png,halo_306.png,halo_ratio_306.png,halo_ratio_zoom_306.png,halo_abs_306.png,halo_diff_306.png
